first_seen,store_id,name,plz,valid_from,valid_to,cluster,cluster_size
2026-10-06,DE1443,Rostock-Südstadt,18059,2026-10-08,2026-10-14,01a0e6b0-5f4e-75a0-8f12-db8cf13a840a,3
2026-10-06,DE1480,Hagen-Hohenlimburg,58119,2026-10-08,2026-10-14,01a0e755-031f-7143-aaed-3e9a98d5b530,1
2026-10-06,DE1560,Paderborn-Schloß Neuhaus,33104,2026-10-08,2026-10-14,01a0e6b0-35c0-7f02-bfe8-c44848301527,3
2026-10-06,DE1600,Soest,59494,2026-10-08,2026-10-14,01a0e6b0-3882-7f78-976e-9736a56af957,1
2026-10-06,DE1620,Taucha,04425,2026-10-08,2026-10-14,01a0e6b0-5177-76da-8f9d-5fb8a98a3a71,5
2026-10-06,DE1643,Berlin-Spandau,13581,2026-10-08,2026-10-14,01a0e6b0-577c-7173-95ec-f107d7ba9f60,5
2026-10-06,DE1653,Würselen,52146,2026-10-08,2026-10-14,01a0e6b0-42ac-75b6-a903-069e6ef1423e,3
2026-10-06,DE1663,"Paderborn-Kernstadt, Rieme",33102,2026-10-08,2026-10-14,01a0e6b0-35c0-7f02-bfe8-c44848301527,3
2026-10-06,DE1733,Mainz-Mombach,55120,2026-10-08,2026-10-14,01a0e6b0-3b1b-7af1-a3c5-c93181048ba7,2
2026-10-06,DE1773,Mönchengladbach-Holt,41069,2026-10-08,2026-10-14,01a0e6b0-3ddd-77ca-88e8-df982eae6494,4
2026-10-06,DE1780,Berlin-Marzahn,12681,2026-10-08,2026-10-14,01a0e6b0-4f44-7ca1-9698-4ec9052b46c6,10
2026-10-06,DE1970,Monheim am Rhein,40789,2026-10-08,2026-10-14,01a0e6b0-4058-7500-a69d-ca3823ba682f,2
2026-10-06,DE1990,"Aachen, Vaalser Str.",52074,2026-10-08,2026-10-14,01a0e6b0-42ac-75b6-a903-069e6ef1423e,3
2026-10-06,DE2010,"Heilbronn, Stuttgarter Str",74074,2026-10-08,2026-10-14,01a0e6b0-4d3e-7b56-804a-777c7df305b7,8
2026-10-06,DE2043,"Berlin-Spandau, Pichelsw.",13597,2026-10-08,2026-10-14,01a0e6b0-577c-7173-95ec-f107d7ba9f60,5
2026-10-06,DE2310,Baden-Baden,76532,2026-10-08,2026-10-14,01a0e6b0-44df-7773-b9d3-a22ae9e28c58,2
2026-10-06,DE2333,Rostock-Schmarl,18069,2026-10-08,2026-10-14,01a0e6b0-5f4e-75a0-8f12-db8cf13a840a,3
2026-10-06,DE2560,Steinheim an der Murr,71711,2026-10-08,2026-10-14,01a0e6b0-46f0-7b61-8185-1203ab459e47,2
2026-10-06,DE2580,Ludwigsburg,71636,2026-10-08,2026-10-14,01a0e6b0-4a2e-7e90-8b45-869355a44d4d,2
2026-10-06,DE2640,"Freiberg, Bebelplatz",09599,2026-10-08,2026-10-14,01a0e6b0-5cc2-7b54-b01b-7108e4daaed3,2
2026-10-06,DE2723,München-Milbertshofen-Am H,80933,2026-10-08,2026-10-14,01a0e6b0-838d-7884-af7f-9248d5eddbc1,2
2026-10-06,DE3000,Neckarsulm,74172,2026-10-08,2026-10-14,01a0e6b0-4d3e-7b56-804a-777c7df305b7,8
2026-10-06,DE3070,Eiche,16356,2026-10-08,2026-10-14,01a0e6b0-4f44-7ca1-9698-4ec9052b46c6,10
2026-10-06,DE3140,Leipzig-Paunsdorf,04329,2026-10-08,2026-10-14,01a0e6b0-5177-76da-8f9d-5fb8a98a3a71,5
2026-10-06,DE3160,Cottbus-Schmellwitz,03044,2026-10-08,2026-10-14,01a0e6b0-5485-7b76-a081-ef58752aa63a,4
2026-10-06,DE3180,Dallgow-Döberitz,14624,2026-10-08,2026-10-14,01a0e6b0-577c-7173-95ec-f107d7ba9f60,5
2026-10-06,DE3290,Berlin-Haselhorst,13599,2026-10-08,2026-10-14,01a0e6b0-577c-7173-95ec-f107d7ba9f60,5
2026-10-06,DE3300,"Freiberg, Häuersteig",09599,2026-10-08,2026-10-14,01a0e6b0-5cc2-7b54-b01b-7108e4daaed3,2
2026-10-06,DE3330,Berlin Storkower Str.,10407,2026-10-08,2026-10-14,01a0e6b0-4f44-7ca1-9698-4ec9052b46c6,10
2026-10-06,DE3580,Berlin-Köpenick,12555,2026-10-08,2026-10-14,01a0e6b0-4f44-7ca1-9698-4ec9052b46c6,10
2026-10-06,DE3650,Berlin-Pankow,13187,2026-10-08,2026-10-14,01a0e6b0-79ca-732f-b7f7-eabe28110cb1,2
2026-10-06,DE3700,Bentwisch,18182,2026-10-08,2026-10-14,01a0e6b0-5f4e-75a0-8f12-db8cf13a840a,3
2026-10-06,DE3910,Marbach,71672,2026-10-08,2026-10-14,01a0e6b0-46f0-7b61-8185-1203ab459e47,2
2026-10-06,DE4003,"Aachen, Breslauer Str.",52068,2026-10-08,2026-10-14,01a0e6b0-42ac-75b6-a903-069e6ef1423e,3
2026-10-06,DE4033,Berlin-Lichtenberg,10365,2026-10-08,2026-10-14,01a0e6b0-4f44-7ca1-9698-4ec9052b46c6,10
2026-10-06,DE4110,Leipzig-Heiterblick,04347,2026-10-08,2026-10-14,01a0e6b0-5177-76da-8f9d-5fb8a98a3a71,5
2026-10-06,DE4113,Bremerhaven-Lehe,27580,2026-10-08,2026-10-14,01a0e6b0-80ee-7c03-84d4-15047606f430,2
2026-10-06,DE4123,Celle,29225,2026-10-08,2026-10-14,01a0e6b0-620c-78bd-9609-cda0ceb0a694,1
2026-10-06,DE4153,Dortmund-Oespel,44149,2026-10-08,2026-10-14,01a0e6b0-7c5a-744e-a66d-75a6c14d03b0,2
2026-10-06,DE4163,Dreieich,63303,2026-10-08,2026-10-14,01a0e6b0-6547-7b95-98a2-7ccd05c280c1,1
2026-10-06,DE4183,Düren,52355,2026-10-08,2026-10-14,01a0e6b0-681a-7b47-8d7f-3682f6720e0e,1
2026-10-06,DE4193,Düsseldorf-Friedrichstadt,40217,2026-10-08,2026-10-14,01a0e6b0-6aae-79ea-a1ad-feed05837ffa,1
2026-10-06,DE4250,"Ludwigsburg, Friedrichstr.",71638,2026-10-08,2026-10-14,01a0e6b0-4a2e-7e90-8b45-869355a44d4d,2
2026-10-06,DE4253,Freiburg-Haslach,79111,2026-10-08,2026-10-14,01a0e6b0-930d-7837-92f1-080bfdecbb2e,2
2026-10-06,DE4273,Garbsen,30823,2026-10-08,2026-10-14,01a0e6b0-6d23-734c-80c7-5dbeb34977be,1
2026-10-06,DE4303,Gifhorn,38518,2026-10-08,2026-10-14,01a0e6b0-7023-7194-af4b-3e33311abfc8,1
2026-10-06,DE4313,Göttingen-Grone,37079,2026-10-08,2026-10-14,01a0e6b0-9528-7e77-9edf-c7c4f8775c36,4
2026-10-06,DE4323,Göttingen-Weende,37077,2026-10-08,2026-10-14,01a0e6b0-9528-7e77-9edf-c7c4f8775c36,4
2026-10-06,DE4333,Greifswald,17491,2026-10-08,2026-10-14,01a0e6b0-7211-73b1-990c-03a11b2a77eb,1
2026-10-06,DE4370,München-Neuperlach,81737,2026-10-08,2026-10-14,01a0e6b0-7462-7553-8c0e-e7ba1a71a649,1
2026-10-06,DE4393,Heinsberg,52525,2026-10-08,2026-10-14,01a0e6b0-7710-7c2a-aed7-50ef05ee789e,1
2026-10-06,DE4400,Berlin-Heinersdorf,13089,2026-10-08,2026-10-14,01a0e6b0-79ca-732f-b7f7-eabe28110cb1,2
2026-10-06,DE4420,Dortmund-Hombruch,44225,2026-10-08,2026-10-14,01a0e6b0-7c5a-744e-a66d-75a6c14d03b0,2
2026-10-06,DE4443,Karlsruhe-Oststadt,76137,2026-10-08,2026-10-14,01a0e6b0-a6e8-71d1-a747-5a1d3b7f8fa8,3
2026-10-06,DE4453,Kassel-Wesertor,34125,2026-10-08,2026-10-14,01a0e6b0-7f24-7ff4-89fd-aa2e11127632,1
2026-10-06,DE4460,Berlin H.-Blankenstein-Str,10249,2026-10-08,2026-10-14,01a0e6b0-4f44-7ca1-9698-4ec9052b46c6,10
2026-10-06,DE4480,Großpösna,04463,2026-10-08,2026-10-14,01a0e6b0-5177-76da-8f9d-5fb8a98a3a71,5
2026-10-06,DE4520,Bremerhaven-Fischereihafen,27572,2026-10-08,2026-10-14,01a0e6b0-80ee-7c03-84d4-15047606f430,2
2026-10-06,DE4533,Langenfeld (Rheinland),40764,2026-10-08,2026-10-14,01a0e6b0-4058-7500-a69d-ca3823ba682f,2
2026-10-06,DE4563,Mainz-Bretzenheim,55128,2026-10-08,2026-10-14,01a0e6b0-3b1b-7af1-a3c5-c93181048ba7,2
2026-10-06,DE4593,Mönchengladbach-Pesch,41065,2026-10-08,2026-10-14,01a0e6b0-3ddd-77ca-88e8-df982eae6494,4
2026-10-06,DE4603,Mönchengladbach-Eicken,41063,2026-10-08,2026-10-14,01a0e6b0-3ddd-77ca-88e8-df982eae6494,4
2026-10-06,DE4613,München-Schwabing-Freimann,80939,2026-10-08,2026-10-14,01a0e6b0-838d-7884-af7f-9248d5eddbc1,2
2026-10-06,DE4693,Oststeinbek,22113,2026-10-08,2026-10-14,01a0e6b0-85f3-717b-aa3f-4100d08c2969,1
2026-10-06,DE4703,Paderborn-Kernstadt,33100,2026-10-08,2026-10-14,01a0e6b0-35c0-7f02-bfe8-c44848301527,3
2026-10-06,DE4720,Limburg,65549,2026-10-08,2026-10-14,01a0e6b0-886f-73a9-9db3-4b385a09e6a8,1
2026-10-06,DE4733,Rastatt,76437,2026-10-08,2026-10-14,01a0e6b0-44df-7773-b9d3-a22ae9e28c58,2
2026-10-06,DE4750,Amberg,92224,2026-10-08,2026-10-14,01a0e6b0-8b08-7d08-b6ae-ae1cbb987e34,1
2026-10-06,DE4773,Rosenheim-Happing,83026,2026-10-08,2026-10-14,01a0e6b0-a144-7d9f-b3e4-eb4803583ab7,3
2026-10-06,DE4803,Schwerin-Krebsförden,19061,2026-10-08,2026-10-14,01a0e6b0-a300-7d33-b369-bd725b44e24e,2
2026-10-06,DE4863,Wolfsburg,38444,2026-10-08,2026-10-14,01a0e6b0-8d32-7fd4-be75-a39df4575ed8,1
2026-10-06,DE4893,Wildau,15745,2026-10-08,2026-10-14,01a0e6b0-9029-74ee-bd0f-c0c393fbb9c9,2
2026-10-06,DE4900,Bad Aibling,83043,2026-10-08,2026-10-14,01a0e6b0-a144-7d9f-b3e4-eb4803583ab7,3
2026-10-06,DE4950,Freiburg-Brühl,79106,2026-10-08,2026-10-14,01a0e6b0-930d-7837-92f1-080bfdecbb2e,2
2026-10-06,DE5053,Kolkwitz,03099,2026-10-08,2026-10-14,01a0e6b0-5485-7b76-a081-ef58752aa63a,4
2026-10-06,DE5060,Göttingen-Weststadt,37079,2026-10-08,2026-10-14,01a0e6b0-9528-7e77-9edf-c7c4f8775c36,4
2026-10-06,DE5083,Flensburg,24941,2026-10-08,2026-10-14,01a0e6b0-974b-7538-8490-ee0701e5bfcf,1
2026-10-06,DE5093,Wiesbaden,65203,2026-10-08,2026-10-14,01a0e6b0-997c-719f-a941-32189c0f830a,1
2026-10-06,DE5113,Gerlingen,70839,2026-10-08,2026-10-14,01a0e6b0-9c27-79c3-b06b-5abdfc79cfb6,2
2026-10-06,DE5190,"Heilbronn, Olgastr.",74072,2026-10-08,2026-10-14,01a0e6b0-4d3e-7b56-804a-777c7df305b7,8
2026-10-06,DE5403,Mönchengladbach-Rheydt,41236,2026-10-08,2026-10-14,01a0e6b0-3ddd-77ca-88e8-df982eae6494,4
2026-10-06,DE5443,Karlsruhe-Beiertheim-Bulac,76135,2026-10-08,2026-10-14,01a0e6b0-a6e8-71d1-a747-5a1d3b7f8fa8,3
2026-10-06,DE6130,Leonberg,71229,2026-10-08,2026-10-14,01a0e6b0-9c27-79c3-b06b-5abdfc79cfb6,2
2026-10-06,DE6200,Berlin-Biesdorf,12683,2026-10-08,2026-10-14,01a0e6b0-4f44-7ca1-9698-4ec9052b46c6,10
2026-10-06,DE6220,"Heilbronn, Neckargartacher",74080,2026-10-08,2026-10-14,01a0e6b0-4d3e-7b56-804a-777c7df305b7,8
2026-10-06,DE6250,Weinsberg,74189,2026-10-08,2026-10-14,01a0e6b0-4d3e-7b56-804a-777c7df305b7,8
2026-10-06,DE6400,Bad Rappenau,74906,2026-10-08,2026-10-14,01a0e6b0-4d3e-7b56-804a-777c7df305b7,8
2026-10-06,DE6430,Cottbus-Madlow,03050,2026-10-08,2026-10-14,01a0e6b0-5485-7b76-a081-ef58752aa63a,4
2026-10-06,DE6620,Berlin-Alt-Hohenschönhaus.,13055,2026-10-08,2026-10-14,01a0e6b0-4f44-7ca1-9698-4ec9052b46c6,10
2026-10-06,DE6710,Bad Friedrichshall,74177,2026-10-08,2026-10-14,01a0e6b0-4d3e-7b56-804a-777c7df305b7,8
2026-10-06,DE6740,Berlin-Friedrichsfelde,10319,2026-10-08,2026-10-14,01a0e6b0-4f44-7ca1-9698-4ec9052b46c6,10
2026-10-06,DE7370,Berlin-Rummelsburg,10317,2026-10-08,2026-10-14,01a0e6b0-4f44-7ca1-9698-4ec9052b46c6,10
2026-10-06,DE7470,Forst,03149,2026-10-08,2026-10-14,01a0e6b0-5485-7b76-a081-ef58752aa63a,4
2026-10-06,DE7680,Göttingen-Innenstadt,37073,2026-10-08,2026-10-14,01a0e6b0-9528-7e77-9edf-c7c4f8775c36,4
2026-10-06,DE7760,Weißenburg,91781,2026-10-08,2026-10-14,01a0e6b0-9ecc-7067-b27a-79f18c693f98,1
2026-10-06,DE7800,Rosenheim-Süd,83026,2026-10-08,2026-10-14,01a0e6b0-a144-7d9f-b3e4-eb4803583ab7,3
2026-10-06,DE7923,Leipzig-Reudnitz-Thonberg,04317,2026-10-08,2026-10-14,01a0e6b0-5177-76da-8f9d-5fb8a98a3a71,5
2026-10-06,DE8340,Schwerin-Mueßer Holz,19063,2026-10-08,2026-10-14,01a0e6b0-a300-7d33-b369-bd725b44e24e,2
2026-10-06,DE8390,Königs Wusterhausen,15711,2026-10-08,2026-10-14,01a0e6b0-9029-74ee-bd0f-c0c393fbb9c9,2
2026-10-06,DE8530,Karlsruhe-Grünwinkel,76185,2026-10-08,2026-10-14,01a0e6b0-a6e8-71d1-a747-5a1d3b7f8fa8,3
2026-10-06,DE8860,Berlin-Wilhelmstadt,13593,2026-10-08,2026-10-14,01a0e6b0-577c-7173-95ec-f107d7ba9f60,5
2026-10-06,DE8950,Ilsfeld,74360,2026-10-08,2026-10-14,01a0e6b0-4d3e-7b56-804a-777c7df305b7,8
